Código,Descripción,Definición,Auxiliar,Denominación
10161603,Orquídeas,,,
10161801,Helechos,,,
11101502,Lija o esmeril,,,
11101701,Escoria o ceniza,,,
11111502,Material de relleno,,,
11121503,Laca,,,
11141601,Desecho o desperdicio textil Aquello que queda después de haber escogido lo mejor y más útil de los textiles,,2.2.1.8,.01-Recolección de
11151606,"Hebra de fibra de vidrio Hechas a base de sílice o de formulaciones especiales de vidrio, extruídas a modo",,,
11151608,Hebra de nylon Trozo de hilo o fibra textil que se usa para coser de un material sintético de índole,,,
11151610,"Hebra de caucho o látex Hebra larga, muy larga y delgada de un polímero elástico que surge del làtex",,,
11162108,Tela malla de alambre,,,
12161801,Geles,,,
12181503,Parafinas,,,
13101723,Termoplástico,,,
13101904,Urea uf,,,
13101905,Melamina mf,,,
14111508,Papel para fax Es el papel que tiene como finalidad principal disponer de un medio físico por el,,,
14111514,Blocs o cuadernos de papel Es el papel utilizado para apuntar recados.,,2.3.3.3,.01-Productos de
14111526,Papel libretas o libros de,,,
14111531,Papel libros o cuadernos para,,,
14111604,Tarjetas de presentación Son la mejor herramienta para darse a conocer. Hay situaciones en las que no es,,,
14111808,Formatos contables o libros,,,
14121701,Papeles adheridos con,,,
14121810,"Papeles carbón Lámina que permite hacer copias simultáneamente al utilizar máquinas de escribir,",,,
20111606,Vibradores neumáticos,,,
20111619,Cono de perforación de pozos Elementos prefabricados de hormigón para el acceso a la red de tuberías con fines,,,
20111702,Tapones o anclajes de tubos Un anclaje de tubo para mantener la tensión en la manga de la tubería.,,2.6.5.7,.01-Máquinas-
21101513,Discos Dispositivo utilizado para la preparación de suelos.,,2.6.5.1,.01-Maquinaria y
22101703,Cuchillas o dientes u otros,,,
23121612,Agujas para máquina de cose,,,
23121614,Máquinas de coser,,,
23121615,"Mesas para cortar telas Mueble, por lo común de madera, que se compone de una o de varias tablas lisas",,,
23131507,Tela para lijar Es un tipo de tela que tiene adherido a su superficie algún material abrasivo.,,2.3.9.8,.01-Repuestos 2.3.6.4.06-Productos
23131512,Bandejas de agua Un tipo de embalaje donde se retiene el agua.,,2.3.9.8,.01-Repuestos 2.3.9.9.05-Productos y utiles
23131703,"Discos para hacer cabuchones Herramienta en forma circular para el lijado, pulido y corte.",,2.6.5.7,.01-Máquinas-
23152201,Mesas rotatorias,,,
23152203,Bancos de pruebas de,,,
23153501,Sistemas de aplicación de,,,
23171510,"Alambre soldador Herramienta portatil para uso de electronica en general, posee un alambre",,,
23171515,Electrodos para soldar Es un conductor utilizado para hacer contacto con una parte no metalica de un,,,
23171603,Cortadores de cañerías o,,,
23171604,Cortadores de alambres o,,,
24101507,Carretillas,,,
24102006,Bancos de trabajo,,,
24102202,Dispensadores de cinta para,,,
24111502,Bolsas de papel,,,
24111503,Bolsas plásticas Es un objeto cotidiano utilizado para transportar pequeñas cantidades de,,,
24111802,Tanques o cilindros de aire o,,,
24111803,"Tanques de almacenamiento Recipiente de gran tamaño, normalmente cerrado, destinado a contener líquidos o",,,
24111810,Tanques de almacenamiento,,,
24112004,Tolvas metálicas Dispositivo similar a un embudo de gran tamaño destinado al depósito y,,,
24112204,Cubos metálicos Cubo de chapa de hierro galvanizada para múltiple.,,2.3.6.3,.06-Productos
24112205,Cubos no metálicos,,,
24112504,"Cajas moldeadas Recipiente que, cubierto con una tapa suelta o unida a la parte principal, sirve para",,,
24112602,"Frascos Es un recipiente rígido, aproximadamente cilíndrica con una amplia boca o",,,
24121502,"Sacos o bolsas para empacar Receptáculo de tela, cuero, papel, etc., por lo común de forma rectangular o",,,
24121503,Cajas para empacar,,,
24121509,"Bandejas para empacar Piezas de metal o de otro material, para almacenar cosas.",,2.3.3.2,.01-Papel y cartón 2.3.9.9.05-Productos y utiles
24121807,Recipientes de plástico,,,
24122002,Botellas de plástico,,,
24122003,Botellas de cristal,,,
24122005,Botellas de aplicador Son recipientes de plástico utilizados para almacenar líquidos para su aplicación,,,
24131501,Refrigerador y congelador,,,
24131506,"Tanques refrigerados Tanques refrigerados o de baja presion, a la terminacion del fondo,",,2.6.5.4,.01-Sistemas de
24141506,"Encerados Lienzo preparado con cera, aceite de linaza u otros materiales, para hacerlo",,,
25171718,Kits de reparación de frenos Juego de herramientas que tienen como finalidad el mantenimiento y reparación,,,
25172601,Acabados para automotores,,,
25172905,Sistema para lavar o limpiar la,,,
25173107,Sistemas de posicionamiento,,,
25173303,Sistemas de computador Es la unidad de mando del vehículo.,,,
25173815,Cables de embrague El embrague es un sistema que permite tanto transmitir como interrumpir la,,,
25174004,"Refrigerante de motor Es un producto químico líquido o gaseoso, fácilmente licuable, que es utilizado",,,
25191513,Kit de mantenimiento de,,,
26101513,Kit de reparación de motores Herramientas especializadas para ser utilizadas en la repación de motores.,,2.3.9.8,.01-Repuestos 2.3.6.3.04-Herramientas
26101602,Motores de corriente alterna,,,
26101805,Kits de reparación del motor Herramientas especializadas para ser utilizadas en la repación de motores.,,2.3.9.8,.01-Repuestos 2.3.6.3.04-Herramientas
26111501,Conmutadores,,,
26112004,Kits de reparación del,,,
26112103,Sistemas de frenos mecánicos,,,
26121630,Accesorios de cable Elementos adicionales utilizados con los cables.,,2.3.9.6,.01-Productos
27111515,Taladro de mano,,,
27111704,Enchufes,,,
27111902,Limas,,,
27112011,Mangos de herramientas Dispositivos utilizados para sostener las herramientas para su utilización.,,2.3.6.3,.04-Herramientas
27112014,Cortadora de pasto,,,
27112132,Abrazaderas de fijación Anillo que abraza cualquier pieza circular de una máquina para sujetarla a un,,,
27112505,Ganchos para,,,
27112801,Brocas Barrena de boca cónica que se usa con las máquinas de taladrar.,,2.3.6.3,.06-Productos
27112802,Hojas de sierra Consiste en una hoja con el filo dentado y se maneja a mano o por otras fuentes de,,,
27112808,Anillos metálicos,,,
27112813,"Vara de extensión Pieza construida en forma de telescopio, en que la misma se puede plegar y",,,
27112814,Brocas de destornillador Barrena de diferentes tipos de boca que se utiliza para atornillar y desatornillar con,,,
27112823,Cadenas de corte,,,
27113201,Conjuntos generales de,,,
27113203,Kit de herramienta para,,,
27121701,Conectores hidráulicos,,,
27121702,Injertos o injertos dobles,,,
27121705,Codos hidráulicos o de,,,
27121707,Conectores de pliegue,,,
30101616,"Barras de metal precioso Es una pieza más larga que gruesa, hecha de metal precioso u otro material, que",,,
30103201,Rejilla de acero,,,
30103301,"Moldura de aluminio Parte saliente de perfil uniforme elaborado de aluminio, que sirve para adornar o",,,
30103312,"Molduras de metales ferrosos Parte saliente de perfil uniforme elaborado con metales ferrosos, que sirve para",,,
30151601,Plafones de tejado,,,
30151604,Brochas para techos Un drenaje para recibir el agua que se ha acumulado en la superficie de un techo y,,,
30151701,Boquillas de bajantes,,,
30151703,Canaletas,,,
30151901,Toldos,,,
30161505,Paneles o empanelado,,,
30161602,Paneles para techos Es un tipo de material de acabado para techo utilizado en el sistema de techo,,,
30161705,Pisos de caucho,,,
30161711,"Alfombras para exteriores Alfombra, generalmente todo-sintética, que ha sido especialmente diseñada para",,,
30161802,"Encimeras Se llama encimera, mesada (español rioplatense) o poyo (dialecto canario) al",,,
30161907,Escaleras,,,
30161908,Piezas de escaleras Partes de una serie o tramo de escalones,,,
30171503,Puertas rodantes,,,
30171504,Puertas de madera,,,
30171508,Puertas corrediza empotrable,,,
30171510,Puertas automáticas,,,
30171514,Cerradores de puertas,,,
30171607,Ventanas con hoja de,,,
30171609,"Ventanas fijas Fija, cuando sus hojas no se pueden mover. También se denomina ventana al",,,
30181503,Duchas,,,
30181515,Tanque del inodoro,,,
30201502,Invernaderos,,,
30201701,Oficinas en la fábrica Construcción modular que permite maximizar el espacio con el que se cuenta,,2.7.1.2,.01-Obras para
30201708,Auditorio,,,
30221005,Centro comercial,,,
30222023,Malecón Un muro de contención para evitar la erosión de la costa.,,2.7.2.4,.01-Infraestructura
30222202,"Subestación Una subsidiaria o estación rama, como de una oficina de correos o de una empresa",,,
31151904,Correas plásticas Un banda plana de plástico utilizada para la fijación o sujeción objetos entre sí o en,,,
31151905,"Correas de caucho Una larga tira de caucho utilizada para unir baúles, equipaje u otros objetos",,2.3.5.4,.01-Artículos de
31162404,Grapas,,,
31162506,Soporte de pared Un soporte que se proyecta desde una pared (como para sostener un estante),,2.3.6.3,.06-Productos
31162801,Chapas o pomos Un asa redondeada que se tira o se gira,,2.3.6.3,.04-Herramientas
31162802,Insertos Armadura de metal que abraza y asegura lo que se engasta.,,2.3.6.3,.04-Herramientas
31162803,Grilletes Grillete es un útil de elevación que se suele usar como pieza intermedia entre,,,
31162806,Cubiertas de tornillos Elementos de diferentes materiales utilizado para colocar sobre la cabeza de un,,,
31162810,Empalmes o placas de unión Una placa para unir las placas de alma o las bridas de las vigas.,,2.3.6.3,.04-Herramientas
31162901,Abrazaderas de espiga Abrazaderas con oreja consisten en una banda (generalmente de acero inoxidable),,,
31162906,Abrazaderas de manguera o,,,
31163210,Collares de retención Para mantener los rodamientos en las herramientas equipadas con guías,,,
31163301,Montante de dos extremos,,,
31171502,Rodamientos radiales Un cojinete de bolas en el que la dirección de la acción de la carga,,,
31171503,"Rodamientos de rueda Un montón de bolas de acero que se mantienen unidos por un anillo de metal, que",,,
31181501,Juntas obturadoras plásticas Un embalaje compresible de plástico intercalado entre las caras o bridas de una,,,
31181503,Juntas obturadoras de metal Un embalaje compresible de metal intercalado entre las caras o bridas de una,,,
31181504,Juntas obturadoras textiles Un embalaje compresible de un textil intercalado entre las caras o bridas de una,,,
31181601,"Sellos de plástico Sujetador que tiene una composición resinosa, que se hace plástico cuando se",,,
31181602,"Sellos de caucho Una sustancia, tira de material, etc utilizado para llenar una grieta para que el aire,",,,
31191506,"Discos abrasivos Almohadillas circulares de papel, metal, o plástico planas cubiertas con partículas",,,
31211901,"Paños para herramientas Una hoja, tal como de tela o de plástico, para la protección contra los derrames o",,,
31211912,Varillas telescópicas Dispositivo utilizado para poder alcanzar altas superficies a ser pintadas.,,2.3.6.3,.04-Herramientas
31231302,Tubería de cobre Una tubería o cañería es un conducto que cumple la función de transportar agua u,,,
31231314,Tubería de goma Una tubería o cañería es un conducto que cumple la función de transportar agua u,,,
31231318,Tubería de aluminio Una tubería o cañería es un conducto que cumple la función de transportar agua u,,,
31241501,"Lentes Son objetos transparentes (normalmente de vidrio), limitados por dos superficies,",,,
31261501,Cubiertas y carcasas de,,,
31311401,Ensambles de tubería soldada,,,
31371001,Paneles aislantes,,,
32101514,"Amplificadores Dispositivo que, mediante la utilización de energía, magnifica la amplitud de un",,,
32101617,Tarjetas inteligentes Cualquier tarjeta del tamaño de un bolsillo con circuitos integrados que permiten la,,,
39111521,Plafones Todo aquel dispositivo de iluminación que va instalado en techos.,,,
39111605,Iluminación paisajística,,,
39121004,Unidades de suministro de,,,
39121006,Adaptadores o inversores de,,,
39121009,Reguladores eléctricos o de,,,
39121103,Paneles,,,
39121108,Accesorios del panel de,,,
39121202,Canalización eléctrica,,,
39121204,Cables aéreos un conducto para cables,,2.3.9.9,.04-Productos y útiles
39121303,Cajas eléctricas Sistema que sirve como fuente para un hogar o edificio. La caja eléctrica es de,,,
39121304,Cubiertas de cajas eléctricas,,,
39121306,Cajas de conmutadores,,,
39121308,Cajas de toma de corriente,,,
39121309,Cajas eléctricas especiales,,,
39121310,"Cajas de uso general Sistema que sirve como fuente para un hogar o edificio, para usos diversos. La caja",,,
39121523,"Temporizadores Dispositivo, con frecuencia programable, que permite medir el tiempo.",,2.3.9.6,.01-Productos
39121551,Piezas de reflector Repuestos de una es una superficie que refleja la luz o cualquier otro tipo de onda,,2.3.9.6,.01-Productos
39121601,Breakers de circuito,,,
39121615,Breakers de circuito de aire,,,
39121616,Breakers de circuito de caja,,,
39121701,Soportes eléctricos Elemnetos utilizados para suspender y mantener el conducto y los cables en su,,,
39121703,Enlaces de cables Elemento de sujeción generalmente empleado para unir cables.,,2.3.9.6,.01-Productos
39121704,Placas de pared Son modulares que se colocan en las paredes u otra superficie que albergara todo,,,
39121705,"Grapas para cables Elemento de sujeción generalmente empleado para unir cables, la diferecia con el",,,
39121717,Montaje de fijador de cable,,,
39121719,Protectores Materiales utilizados para brindarle al cableado electrico mayor durabilidad y así,,,
40101505,Difusores de aire Los difusores variables son válvulas que cambian su sección de paso cuando se,,,
40101506,Tubos de ventilación,,,
40101701,Aires acondicionados,,,
40101702,Intercambiadores de enfriado Un componente de un sistema hidráulico que alivia el calor,,,
40101703,Enfriadores de evaporación,,,
40101704,Unidades de condensación,,,
40101707,Accesorios para torres de,,,
40101808,Estufas de calefacción Un aparato en el que la electricidad o un combustible se utiliza para suministrar,,,
40141607,Válvulas de bola,,,
40141609,Válvulas de control,,,
40141610,Válvulas de flotación,,,
40141631,Válvulas de bombeo,,,
40141701,Desagües Diseñado para drenar el exceso de lluvia y agua superficial desde calles,,,
40141703,Boquillas de ducha Es una boquilla perforada que distribuye agua sobre un gran ángulo sólido en el,,,
40141704,Espigas Un grifo de madera colocado en la boca de tonel de un barril.,,2.3.6.3,.04-Herramientas
40141716,Sifones en P Formación de un sello de agua en una tubería de desagüe o en el suelo trampa en,,,
40141720,Conectores para plomería,,,
40141725,Ganchos (soportes) para,,,
40141731,Boquillas,,,
40141734,Conectores para mangueras Un tipo de conexión se utiliza para conectar una manguera a otro componente de,,,
40141742,Atomizadores,,,
40142005,Mangueras para manipular,,,
40142006,"Mangueras de aceite Un conducto flexible que consta de un tubo, refuerzo, y por lo general una",,,
40142007,"Mangueras especiales Un conducto flexible que consta de un tubo, refuerzo, y por lo general una",,,
40142008,Mangueras de agua Una manguera de agua es un tubo hueco flexible diseñado para transportar agua,,,
40142009,Mangueras multipropósito,,,
40142101,Tubería de acero al carbono,,,
40142117,Tubería de acero inoxidable,,,
40142201,Reguladores de gas,,,
40142202,Reguladores de fluido Una válvula para regular la presión del flujo de líquido para mantener una presión,,,
40142313,Tapón de tubería Un accesorio de tubería con roscas exteriores y una cabeza que sobresale se,,,
40142315,Acoplamientos de tubería Una junta o pieza para unir dos tubos así como para formar un canal,,,
40142323,Disco de ruptura,,,
40142324,Cajas de conexiones de,,,
40142405,Bridas de casquillo largo para,,,
40142501,"Filtros (coladores) de líquido Uno que las cepas, como un dispositivo que se utiliza para separar líquidos de",,,
40142604,"Codos de tubo Un accesorio de tubo de acero que une dos tubos en ángulo recto, o 90 grados.",,2.3.6.3,.06-Productos
40151532,Bombas de combustible,,,
40151533,Bombas hidráulicas,,,
40151607,"Compresores refrigerantes Es un componente de un frigorífico, que está diseñado para comprimir el",,,
40161526,Retenedores o accesorios,,,
40161602,Limpiadores de aire,,,
41102705,Cristalizadores,,,
41102921,Parafina para histología Aceite minera altamente refinado que se utiliza en el estudio de los tejidos,,,
41103511,Accesorios de cerramiento,,,
41104003,Línea de preparación de,,,
41104211,Suavizantes Un suavizante textil es un producto que se utiliza comúnmente en el proceso de,,,
41105317,Reactivos para preparar,,,
41105319,Reactivos para preparar gel,,,
41106101,"Kits citogenéticos Conjunto de instrumentos que se utiliza para el estudio de la estructura, función y",,,
41106214,Reactivos para preparar,,,
41111604,Reglas Instrumento de medición,,2.3.9.9,.01-Productos y Útiles
41111621,Calibradores,,,
41111739,Bombillos de repuesto para,,,
41111903,Detectores de metales,,,
41111928,Sensores de corriente Un sensor de corriente es un dispositivo que detecta la corriente eléctrica (CA o,,,
41111930,Sensores de corriente,,,
41112504,Medidores de agua,,,
41113637,Medidores de voltaje o de,,,
41113643,Medidores o registros de,,,
41115602,Equipo de análisis,,,
41115815,Analizadores de hematología,,,
41115827,Analizadores de orina Analizador de partículas de orina.,,,
41116001,Reactivos analizadores de,,,
41116002,Reactivos analizadores de,,,
41116004,Reactivos analizadores de,,,
41116005,Reactivos analizadores de,,,
41116008,Reactivos analizadores de,,,
41116009,Reactivos analizadores de,,,
41116011,Reactivos analizadores de,,,
41116012,Reactivos analizadores de,,,
41116013,Reactivos analizadores radio,,,
41116014,Reactivos analizadores de,,,
41116102,Reactivos o soluciones de,,,
41116105,Reactivos o soluciones,,,
41116109,Reactivos o soluciones de,,,
41116121,Reactivos o soluciones o,,,
41116201,Monitores o medidores de,,,
41121515,Bombillos de pipetas,,,
41121706,Tubos de cultivo,,,
41121801,Vasos de observación para,,,
41121803,Vasos de precipitados para,,,
41121806,Frascos para laboratorio,,,
41121813,Cubetas,,,
41122411,Cronómetros o relojes para,,,
41122601,Portaobjetos para,,,
42131501,"Petos para pacientes Un babero es una prenda usada colgando del cuello, en el pecho para proteger la",,,
42131502,Gorras para pacientes Es una prenda redonda de tela o de punto que sirve para cubrir y abrigar la,,,
42131504,Batas para pacientes Prenda holgada abierta por detrás usadas por los pacientes de los hospitales o,,,
42131509,Batas de hospital,,,
42131602,Cobertores de barba para,,,
42131604,Gorro de quirófano para,,,
42131605,Overoles para personal,,,
42131607,Chaquetas o batas para,,,
42131611,Gorros o capuchas para,,,
42132101,Protectores de colchón o silla,,,
42132102,Sábanas elásticas médicas Sábanas ajustables para protección del colchón de las secreciones del paciente y,,,
42143101,Catéteres o kits de,,,
42151902,Kits de profilaxis para uso,,,
42152406,Pastas abrasivas de uso,,,
42152423,Sellantes de huecos o fisuras,,,
42152424,Cementos de base de agua,,,
42152425,Resinas de base para prótesis,,,
42152428,Resinas de relleno directo Las resinas compuestas formadas por un componente orgánico polimérico,,,
42152429,Materiales elastoméricos,,,
42152443,Cementos de óxido de zinc,,,
42152808,"Curetas para periodoncia Instrumentos con bordes cortantes redondeados que sirven para limar hueso,",,,
42181503,Lubricantes o gelatinas,,,
42181601,Unidades de presión de,,,
42181801,Unidades para oxímetros de,,,
42191610,Módulos de trabajo para uso,,,
42192602,Dispensadores de pastillas o,,,
42201801,Películas de rayos x para,,,
42203704,Toners o desarrolladores,,,
42271802,Nebulizadores o accesorios,,,
42272008,Sondas o guías de intubación Elemento utilizado para posicionar los tubos para la intubación.,,2.6.3.1,.01-Equipo médico y
42272504,Sets o kits de anestesia,,,
42281508,Autoclaves o esterilizadores,,,
42281601,Soluciones de,,,
42281603,Desinfectante o esterilizador,,,
42281704,Limpiadores o detergentes,,,
42291614,Tijeras para uso quirúrgico Instrumentos medicos quirurgicos de corte y disección para cirugías en algunas,,,
42291706,Fresas quirúrgicas o sus,,,
42293505,Sondas de drenaje de,,,
42293603,Sondas para uso quirúrgico,,,
42294219,Sets de instrumentos para,,,
42294509,Agujas para cirugía oftálmica,,,
42294525,Sets de instrumentos,,,
42295407,Máscaras para pacientes de,,,
42295451,Guantes de preparación para,,,
42295524,Lente intraocular iol,,,
42312311,Kits de desinfectantes Conjunto de elementos utilizados con la finalidad de reducir los organismos,,,
42312313,Soluciones de limpieza de,,,
43201509,Módulos de intercambio de,,,
43201537,Servidores de impresoras,,,
43201803,Unidades de disco duro Dispositivo de almacenamiento de datos no volátil que emplea un sistema de,,,
43202205,Teclas o teclados La parte superior reemplazable del teclado.,,,
43211601,Cajas de interruptores de,,,
43211602,"Estaciones de acoplamiento Dispositivo que proporciona una forma simplificada de ""conectar-in"" de un",,,
43211604,Cajas de interruptores,,,
43211607,Parlantes de computador,,,
43211609,Concentrador de bus serial,,,
43211714,Equipos de identificación,,,
43211719,Micrófonos de voz para,,,
43211802,Almohadillas (pads) para,,,
43211902,Paneles o monitores de,,,
43212002,Brazos o soportes para,,,
43231512,Software de manejo de,,,
43232907,Software de almacenamiento,,,
44101503,Máquinas multifuncionales Es un periférico que se conecta a la computadora y que posee las siguientes,,,
44101602,Máquinas perforadoras o,,,
44101703,Unidades de impresión a,,,
44101719,Accesorios de copiado o,,,
44102904,Aerosol de aire comprimido Aerosoloes de aire que ha sido sometido a presión por medio de un compresor.,,,
44102910,Laminadora Elemento donde se colocan los elementos necesarios para realizar la laminación,,,
44103101,"Correas de impresoras, fax o",,,
44103104,Rollos de transferencia Elemento utilizado dentro de las impresoras con la finalidad de cumplir con la,,,
44103109,Tambores para impresoras o,,,
44103112,Cinta de impresora,,,
44111510,Organizadores o accesorios,,,
44111516,Organizadores personales,,,
44111607,"Archivos de cheques Organizador comunmente en forma de acordeon, para almacenar los cheques.",,2.6.1.1,".01-Muebles, equipos"
44111805,"Curvas Plantillas que sirven para trazar curvas, estando estas definidas sobre sus bordes",,,
44111911,Tableros blancos interactivos,,,
44121619,Tajalápices manuales,,,
44121631,Dispensadores de goma o,,,
44121634,Rollos adhesivos Cilindros que cuentan con un material que cuenta en uno de sus lados con,,,
44121635,Husos para cinta adhesiva Dispositivo que esta diseñado para sostener la cinta adhesiva para poder ser,,,
44121701,Bolígrafos,,,
44121702,Sets de esferos o lápices Conjunto de instrumentos para la escritura sea permanente o temporal.,,,
44121703,Estilógrafos,,,
44121704,Esferos de punta redonda,,,
44121708,"Marcadores Es un instrumento de escritura, parecido al bolígrafo, que contiene su propia tinta",,,
44121711,Rotuladores,,,
44121714,Asideras para lápices o,,,
44121715,Combinaciones de esfero y,,,
44121716,Resaltadores Es un tipo de marcador de tinta fluorescente que se utiliza para señalar las partes,,,
44121802,"Fluido de corrección Es un fluido blanco y opaco, que se aplica en el papel para tapar errores en el",,,
44121804,Borradores Es un instrumento de mano cuya finalidad es eliminar trazos erróneos,,,
44121805,Esferos de corrección,,,
44121808,Borradores eléctricos,,,
44121902,Repuestos de minas Es una tinta de invención china usada principalmente en caligrafía china y,,,
44122101,Cauchos Es una banda de caucho elástica.,,,
44122103,Sujetadores de cierre Elementos que se utilizan para cerrar algo.,,,
44122110,Monturas adhesivas Elementos de sujeción que cuenta con una parte posterior con pegamento para,,,
44122113,Sujetadores de etiquetas Elementos que cuentan con una cinta que puede unirse y un elemento para,,,
44122115,Esquinas adhesivas,,,
45101515,Impresora básica,,,
45111504,Componentes de luz o,,,
45111601,Señaladores,,,
45121518,Kits de cámaras Conjunto de accesorios que se le puede adquirir a una cámara con la finalidad de,,,
45121614,"Kits de reacondicionamiento kits para modernizar o ampliar con piezas nuevas o modificadas, dispositivos,",,,
46171603,Temporizadores de reloj,,,
46171604,Sistemas de alarma,,,
46181501,Delantales protectores,,,
46191601,Extintores,,,
46191602,Sistemas de rociado para,,,
47101505,Equipo de manejo de cloro,,,
47101532,Tanques de asentamiento,,,
47121603,Brilladoras de pisos Dispositivo que se utiliza para abrillantar o pulir los diferentes tipos de pisos.,,2.6.1.4,.01-Electrodomésticos 2.6.5.7.01 Máquinas-
48101614,Sets o bolsas para hielo para,,,
48101711,Dispensadores de agua,,,
48101714,Dispensadores de agua,,,
48101802,"Moldes para uso comercial Es una pieza, o un conjunto de piezas acopladas, interiormente huecas pero con",,,
49101602,Recuerdos (souvenirs),,,
49101704,Placas,,,
49121503,"Carpas Es una pequeña casa portátil de origen Árabe, que está destinada a ser colocada",,,
49121505,Cajas de hielo Es una caja aislada se utiliza para mantener los alimentos o la bebida fría. Se,,,
50101538,Verduras frescas Son hortalizas cuyo color predominante es el verde.,,2.3.1.1,.01-Alimentos y
50101539,Verduras congeladas,,,
50101540,Verduras estables sin,,,
50101541,"Setas u hongos Son los esporocarpos, o cuerpos fructíferos, de un conjunto",,,
50101542,Harina vegetal Es el polvo fino que se obtiene del cereal molido y de otros alimentos ricos,,,
50101543,"Judías secas Son legumbres con muchas propiedades y son conocidas, por todo el mundo, con",,,
50101544,Judías en conserva o en lata Son frijoles que son capaces de ser almacenados a temperatura ambiente durante,,,
50101545,Verduras deshidratadas Cualquier vegetal que ha sido deshidratado o secado con el fin de extender la vida,,,
50101634,Fruta fresca,,,
50101635,Fruta congelada,,,
50101636,Fruta estable sin refrigerar En materia de alimentación frutas conservados son frutas que son capaces de ser,,,
50101716,Nueces y semillas enteras,,,
50101717,Nueces y semillas sin cascara,,,
50171548,Hierbas frescas,,,
50171549,Hierbas secas Hierbas preservadas por medio de exponer las hojas a aire caliente,,2.3.1.1,.01-Alimentos y
50171550,"Especies o extractos Es el nombre dado a ciertosaromas de origen vegetal, que se usan para preservar",,,
50171903,Aceitunas Fruto del olivo. Se conoce también como oliva.,,2.3.1.1,.01-Alimentos y
50192501,Emparedados frescos,,,
50192801,Pasteles de sal frescos,,,
50221001,Granos,,,
50221002,Harina Es un producto molido de legumbres estándar intensamente limpios y pelados.,,2.3.1.3,.03-Productos
50221101,"Grano de cereal Gramíneas, herbáceas cuyos granos o semillas están en la base de",,,
52161520,Micrófonos,,,
